casilla_id,distrito_fed_17,distrito_fed_12,distrito_loc_17,distrito_loc_12,are,seccion,casilla,tipo_seccion,pri_pvem,pan_na,prd,pt,mc,otros,total,ln,tamano_md,tamano_gd,region,casilla_ex,rural,ln_total
426,1,1,2,2,1-48,2549,B-C,U,163,153,14,3,5,26,364,596,1,0,2,0,0,596
441,1,1,2,2,1-50,2553,B-C,U,216,183,14,4,3,16,436,705,1,0,2,0,0,705
433,1,1,2,2,1-49,2551,B-C,U,175,147,21,5,4,13,365,654,1,0,2,0,0,654
455,1,1,2,2,1-50,2559,B-C,U,162,165,19,7,5,13,371,684,1,0,2,0,0,684
185,4,1,1,1,1-81,2387,B-C,U,157,116,18,5,1,15,312,503,1,0,1,0,0,503
222,4,1,1,1,1-73,2407,B-C,U,108,115,8,2,2,20,255,632,1,0,1,0,0,632
504,1,1,2,2,1-36,2587,B-C,U,131,117,17,3,4,23,295,637,1,0,2,0,0,637
178,4,1,1,1,1-88,2385,B-C,U,220,125,16,8,2,13,384,615,1,0,1,0,0,615
184,4,1,1,1,1-81,2387,B-C,U,170,149,12,3,1,10,345,503,1,0,1,0,0,503
451,1,1,2,2,1-46,2557,B-C,U,119,151,15,10,8,16,319,566,1,0,2,0,0,566
256,4,1,1,1,1-77,2425,B-C,R,290,156,13,1,0,18,478,476,0,0,1,0,1,476
250,4,1,1,1,1-83,2422,B-C,R,95,138,23,2,1,30,289,506,1,0,1,0,1,506
547,1,1,2,2,1-19,2607,B-C,R,51,125,1,0,0,4,181,257,0,0,2,0,1,257
482,1,1,2,2,1-41,2578,B-C,R,55,147,16,5,3,22,248,552,0,0,2,0,1,552
276,4,1,1,1,1-93,2437,B-C,R,147,99,56,8,0,36,346,654,0,0,1,0,1,654
268,4,1,1,1,1-89,2432,B-C,R,149,184,11,2,1,18,365,661,0,0,1,0,1,661
510,1,1,2,2,1-53,2589,B-C,R,197,123,11,7,4,23,365,592,1,0,2,0,1,592
6028,10,10,20,20,10-68,2799,B-C,U,140,172,16,4,4,16,352,599,1,0,2,0,0,599
6331,10,10,20,21,10-23,2278,B-C,U,81,191,25,6,3,17,323,510,1,0,2,0,0,510
6423,10,10,20,21,10-38,2330,B-C,U,121,168,22,5,1,0,317,586,1,0,2,0,0,586
6155,10,10,20,20,10-92,2993,B-C,U,58,161,6,2,0,4,231,526,1,0,2,0,0,526
5952,10,10,20,20,10-4,1878,B-C,U,78,177,13,4,3,3,278,464,0,0,2,0,0,464
6115,10,10,20,20,10-85,2969,B-C,R,87,98,9,5,0,7,206,489,0,0,2,0,1,489
6143,10,10,20,20,10-94,2987,B-C,R,80,77,16,3,3,6,185,509,1,0,2,0,1,509
5992,10,10,20,20,10-46,2649,B-C,R,142,194,5,1,0,7,349,468,0,0,2,0,1,468
5286,14,10,15,17,10-54,2759,B-C,R,29,95,5,0,1,3,133,288,0,0,2,0,1,288
6176,10,10,20,20,10-99,3004,B-C,R,77,64,18,1,1,18,179,386,0,0,2,0,1,386
6113,10,10,20,20,10-84,2968,B-C,R,320,152,5,5,1,9,492,676,0,0,2,0,1,676
5974,10,10,20,20,10-13,1889,B-C,R,53,98,9,2,3,3,168,412,0,0,2,0,1,412
6173,10,10,20,20,10-97,3002,B-C,R,85,84,14,8,0,21,212,432,0,0,2,0,1,432
3815,13,11,18,13,11-61,6,B-C,U,157,219,2,1,1,11,391,582,1,0,1,0,0,582
5640,13,11,18,19,11-54,917,B-C,U,169,132,43,14,2,14,374,563,1,0,1,0,0,563
5435,7,11,18,18,11-43,1919,B-C,U,183,250,9,0,3,10,455,662,0,0,1,0,0,662
5440,7,11,18,18,11-44,1922,B-C,U,180,146,13,1,0,6,346,528,1,0,1,0,0,528
3814,13,11,18,13,11-62,5,B-C,U,128,231,6,2,1,9,377,538,1,0,1,0,0,538
3903,13,11,18,13,11-58,47,B-C,R,103,217,20,4,2,17,363,702,1,0,1,0,1,702
5473,7,11,18,18,11-1,1939,B-C,R,67,83,7,5,1,11,174,343,0,0,1,0,1,343
3883,13,11,18,13,11-67,36,B-C,R,94,110,7,1,3,6,221,404,0,0,1,0,1,404
5565,7,11,18,18,11-31,1987,B-C,R,192,96,6,1,1,14,310,516,1,0,1,0,1,516
5622,7,11,18,18,11-25,2018,B-C,R,80,157,23,8,1,16,285,587,1,0,1,0,1,587
3880,13,11,18,13,11-67,35,B-C,R,69,188,5,1,0,6,269,448,0,0,1,0,1,448
5662,13,11,18,19,11-55,928,B-C,R,82,163,23,5,1,12,286,515,1,0,1,0,1,515
5364,7,11,10,18,11-104,598,B-C,R,85,16,2,3,0,7,113,238,0,0,1,0,1,238
5366,7,11,10,18,11-96,600,B-C,R,105,33,4,8,0,9,159,232,0,0,1,0,1,232
5589,7,11,18,18,11-22,2001,B-C,R,174,97,2,1,1,12,287,468,0,0,1,0,1,468
5509,7,11,18,18,11-3,1962,B-C,R,58,240,16,5,1,19,339,569,1,0,1,0,1,569
3844,13,11,18,13,11-79,18,B-C,R,118,113,12,3,4,13,263,400,0,0,1,0,1,400
4919,2,12,16,16,12-74,519,B-C,U,128,176,49,11,10,23,397,725,1,0,2,0,0,725
4906,2,12,16,16,12-66,507,B-C,U,139,162,15,10,1,9,336,557,1,0,2,0,0,557
4914,2,12,16,16,12-71,516,B-C,M,95,121,27,3,0,15,261,423,0,0,2,0,0,423
4790,12,12,16,16,12-1,404,B-C,U,161,190,17,2,4,16,390,570,0,0,2,0,0,570
4451,12,12,15,15,12-51,412,B-C,U,143,244,34,6,9,11,447,693,0,1,2,0,0,693
4692,12,12,16,16,12-31,338,B-C,U,144,203,38,6,3,21,415,615,1,0,2,0,0,615
4915,2,12,16,16,12-73,517,B-C,U,129,158,21,6,2,16,332,594,1,0,2,0,0,594
4395,12,12,16,15,12-40,364,B-C,U,147,167,27,7,5,12,365,521,1,0,2,0,0,521
4391,12,12,16,15,12-36,362,B-C,U,158,262,23,6,4,9,462,620,1,0,2,0,0,620
4704,12,12,16,16,12-25,341,B-C,U,143,169,22,6,3,8,351,661,1,0,2,0,0,661
4695,12,12,16,16,12-27,339,B-C,U,156,200,30,9,8,13,416,647,1,0,2,0,0,647
4467,12,12,15,15,12-8,416,B-C,U,158,172,15,8,5,14,372,568,1,0,2,0,0,568
4971,12,12,15,16,12-81,557,B-C,U,88,148,4,2,0,6,248,425,0,0,2,0,0,425
4954,12,12,15,16,12-79,548,B-C,R,45,45,1,1,1,3,96,167,0,0,2,0,1,167
5794,13,13,19,19,13-70,2847,B-C,U,46,170,74,3,4,19,316,591,1,0,2,0,0,591
4481,12,13,15,15,13-1,437,B-C,U,125,167,13,6,2,6,319,454,0,0,2,0,0,454
4589,12,13,15,15,13-15,536,B-C,U,135,127,7,0,0,11,280,474,0,0,2,0,0,474
4982,12,13,15,16,13-19,565,B-C,M,55,165,7,3,2,11,243,421,0,0,2,0,0,421
5767,13,13,19,19,13-65,2838,B-C,U,31,161,62,12,5,25,296,515,1,0,2,0,0,515
5828,13,13,19,19,13-79,2861,B-C,M,28,161,128,4,2,31,354,651,1,0,2,0,0,651
4588,12,13,15,15,13-12,535,B-C,U,154,106,4,2,0,9,275,443,0,0,2,0,0,443
6250,10,13,19,21,13-33,691,B-C,U,124,149,25,4,0,20,322,573,1,0,2,0,0,573
5762,13,13,19,19,13-64,2836,B-C,U,47,165,35,11,4,13,275,446,0,0,2,0,0,446
5829,13,13,19,19,13-79,2861,B-C,M,27,135,159,2,0,31,354,650,1,0,2,0,0,650
5832,13,13,19,19,13-81,2863,B-C,M,23,129,89,3,0,26,270,525,1,0,2,0,0,525
6184,10,13,19,21,13-20,664,B-C,U,130,203,34,4,2,8,381,539,1,0,2,0,0,539
5751,13,13,19,19,13-62,2831,B-C,U,85,244,75,2,2,27,435,730,1,0,2,0,0,730
4602,12,13,15,15,13-18,563,B-C,M,137,135,4,0,3,19,298,556,1,0,2,0,0,556
5682,13,13,19,19,13-45,1186,B-C,U,145,214,15,2,5,10,391,586,1,0,2,0,0,586
6221,10,13,19,21,13-28,680,B-C,U,222,233,28,3,1,13,500,725,1,0,2,0,0,725
6233,10,13,19,21,13-28,686,B-C,U,162,236,17,2,1,11,429,622,1,0,2,0,0,622
4524,12,13,15,15,13-7,484,B-C,U,107,112,16,4,2,10,251,451,0,0,2,0,0,451
5785,13,13,19,19,13-69,2844,B-C,U,29,181,101,7,6,11,335,588,1,0,2,0,0,588
5763,13,13,19,19,13-62,2837,B-C,U,82,196,40,8,2,16,344,600,1,0,2,0,0,600
5720,13,13,19,19,13-56,2817,B-C,M,54,246,86,4,0,53,443,643,1,0,2,0,0,643
5774,13,13,19,19,13-67,2841,B-C,U,47,151,94,3,5,30,330,593,1,0,2,0,0,593
6203,10,13,19,21,13-24,672,B-C,U,134,170,16,2,2,16,340,518,1,0,2,0,0,518
5826,13,13,19,19,13-80,2860,B-C,M,41,210,87,2,2,18,360,545,1,0,2,0,0,545
5817,13,13,19,19,13-74,2857,B-C,R,45,150,62,3,1,19,280,572,1,0,2,0,1,572
6285,10,13,19,21,13-41,708,B-C,R,116,138,4,1,1,13,273,552,1,0,2,0,1,552
5816,13,13,19,19,13-77,2856,B-C,R,42,174,129,1,1,27,374,638,1,0,2,0,1,638
5830,13,13,19,19,13-77,2862,B-C,R,48,198,125,3,3,29,406,685,1,0,2,0,1,685
5881,13,13,19,19,13-87,2879,B-C,R,28,152,79,3,3,16,281,503,1,0,2,0,1,503
6278,10,13,19,21,13-38,704,B-C,R,81,97,2,1,0,15,196,304,0,0,2,0,1,304
6570,14,14,22,22,14-24,109,B-C,U,69,151,32,5,2,20,279,663,1,0,2,0,0,663
6651,14,14,22,22,14-78,1207,B-C,U,76,131,47,1,8,17,280,413,0,0,2,0,0,413
6733,14,14,22,22,14-101,2736,B-C,M,140,164,7,1,2,8,322,514,1,0,2,0,0,514
6652,14,14,22,22,14-78,1207,B-C,U,66,126,55,1,5,10,263,412,0,0,2,0,0,412
4989,14,14,22,17,14-38,246,B-C,U,135,117,13,10,93,14,382,615,1,0,2,0,0,615
5015,14,14,22,17,14-42,257,B-C,U,81,108,9,4,98,10,310,508,1,0,2,0,0,508
6666,14,14,22,22,14-84,1216,B-C,R,69,78,10,0,1,9,167,468,0,0,2,0,1,468
6555,14,14,22,22,14-18,101,B-C,R,47,127,33,4,1,20,232,555,1,0,2,0,1,555
6574,14,14,22,22,14-25,112,B-C,R,48,119,60,16,9,39,291,710,0,0,2,0,1,710
6723,14,14,22,22,14-97,1258,B-C,R,226,135,37,1,2,12,413,737,0,0,2,0,1,737
5106,14,14,9,17,14-62,303,B-C,R,122,121,17,2,0,8,270,485,0,0,2,0,1,485
5050,14,14,22,17,14-49,277,B-C,R,126,161,2,4,45,22,360,747,0,0,2,0,1,747
6703,14,14,22,22,14-93,1244,B-C,R,70,108,33,0,4,17,232,534,1,0,2,0,1,534
6593,14,14,22,22,14-29,122,B-C,R,77,66,36,4,0,0,183,377,0,0,2,0,1,377
6682,14,14,22,22,14-98,1227,B-C,R,123,146,21,3,4,26,323,576,0,0,2,0,1,576
6601,14,14,22,22,14-15,127,B-C,R,34,56,81,8,1,24,204,454,0,0,2,0,1,454
5128,14,14,9,17,14-66,313,E,R,132,138,8,5,1,6,290,488,1,0,2,1,1,488
555,1,2,2,2,2-90,2780,B-C,M,199,155,66,5,0,19,444,575,1,0,2,0,0,575
2572,2,2,9,9,2-17,158,B-C,U,130,162,10,1,2,11,316,531,1,0,2,0,0,531
2559,2,2,9,9,2-7,155,B-C,U,142,212,15,3,9,16,397,718,1,0,2,0,0,718
5186,2,2,17,17,2-50,616,B-C,U,75,199,11,0,4,4,293,517,1,0,2,0,0,517
5190,2,2,17,17,2-49,618,B-C,U,112,225,19,3,4,5,368,574,1,0,2,0,0,574
2540,2,2,9,9,2-6,146,B-C,U,137,176,10,3,5,22,353,608,1,0,2,0,0,608
2561,2,2,9,9,2-5,156,B-C,U,128,168,11,8,0,23,338,713,1,0,2,0,0,713
2575,2,2,9,9,2-7,159,B-C,U,165,174,16,4,5,20,384,612,1,0,2,0,0,612
2584,2,2,9,9,2-9,164,B-C,U,133,187,4,4,5,11,344,634,1,0,2,0,0,634
2560,2,2,9,9,2-7,155,B-C,U,160,221,9,9,0,19,418,718,1,0,2,0,0,718
358,2,2,2,2,2-77,2518,B-C,R,73,37,17,16,3,6,152,256,0,0,2,0,1,256
392,2,2,2,2,2-82,2534,B-C,R,187,45,18,2,2,5,259,423,0,0,2,0,1,423
2636,2,2,9,9,2-34,188,B-C,R,95,184,4,3,0,16,302,532,1,0,2,0,1,532
2650,2,2,9,9,2-28,196,B-C,R,66,52,4,2,0,14,138,263,0,0,2,0,1,263
2702,2,2,9,9,2-22,227,B-C,R,177,125,11,7,2,32,354,674,1,0,2,0,1,674
384,2,2,2,2,2-80,2530,B-C,R,220,137,19,7,1,16,400,654,1,0,2,0,1,654
306,1,2,2,2,2-97,743,B-C,R,87,195,18,5,37,20,362,528,0,0,2,0,1,528
304,1,2,2,2,2-94,742,B-C,R,145,192,9,1,13,33,393,587,1,0,2,0,1,587
985,3,3,3,4,3-11,1292,B-C,U,170,197,4,2,1,9,383,635,1,0,1,0,0,635
1948,6,3,7,7,3-59,1415,B-C,U,192,241,14,2,4,7,460,663,1,0,1,0,0,663
945,3,3,3,4,3-3,1279,B-C,U,174,263,12,4,8,12,473,684,1,0,1,0,0,684
1881,3,3,7,7,3-45,1371,B-C,U,96,149,5,1,0,8,259,387,0,0,1,0,0,387
1048,3,3,3,4,3-26,1315,B-C,U,137,163,3,1,1,5,310,465,0,0,1,0,0,465
956,3,3,4,4,3-17,1284,B-C,U,225,208,25,2,5,23,488,670,0,1,1,0,0,670
954,3,3,3,4,3-8,1283,B-C,U,199,255,22,8,7,9,500,735,1,0,1,0,0,735
1001,6,3,4,4,3-20,1298,B-C,U,223,191,17,3,3,9,446,744,1,0,1,0,0,744
1955,6,3,7,7,3-57,1418,B-C,U,124,118,6,2,2,5,257,378,0,0,1,0,0,378
1020,3,3,3,4,3-12,1304,B-C,U,197,264,14,2,3,7,487,706,1,0,1,0,0,706
1920,6,3,7,7,3-51,1397,B-C,U,174,224,9,2,4,17,430,679,1,0,1,0,0,679
1147,3,3,7,4,3-47,1360,B-C,U,130,173,5,1,0,9,318,514,1,0,1,0,0,514
1178,20,3,21,4,3-70,1392,B-C,NA,196,215,15,9,2,11,448,733,0,1,1,0,0,733
1863,3,3,7,7,3-47,1359,B-C,U,124,170,8,7,2,8,319,494,0,0,1,0,0,494
1006,3,3,4,4,3-21,1300,B-C,U,222,235,14,6,2,7,486,736,1,0,1,0,0,736
1087,3,3,7,4,3-32,1331,B-C,U,183,183,12,3,3,16,400,629,1,0,1,0,0,629
1028,6,3,4,4,3-24,1308,B-C,U,168,163,11,3,0,11,356,645,1,0,1,0,0,645
2,1,4,1,1,4-1,752,B-C,M,123,178,11,5,2,22,341,633,1,0,1,0,0,633
2766,1,4,8,9,4-9,774,B-C,U,152,208,9,5,2,12,388,617,1,0,1,0,0,617
2210,4,4,8,8,4-46,832,B-C,U,198,122,37,9,4,21,391,699,1,0,1,0,0,699
2285,4,4,8,8,4-60,870,B-C,U,157,114,19,5,2,18,315,599,1,0,1,0,0,599
2756,1,4,8,9,4-6,770,B-C,U,217,188,12,2,3,11,433,689,1,0,1,0,0,689
2248,4,4,8,8,4-52,853,B-C,U,225,20,28,6,5,0,284,679,1,0,1,0,0,679
2240,4,4,8,8,4-50,848,B-C,U,142,73,21,6,0,11,253,384,0,0,1,0,0,384
3530,9,4,11,12,4-89,945,B-C,U,102,180,13,5,2,4,306,420,0,0,1,0,0,420
2293,4,4,8,8,4-55,874,B-C,U,202,215,27,9,4,21,478,665,1,0,1,0,0,665
2775,1,4,1,9,4-16,784,B-C,R,119,225,5,8,4,13,374,622,1,0,1,0,1,622
2799,1,4,1,9,4-28,808,B-C,R,129,120,2,3,1,9,264,417,1,0,1,0,1,417
2790,1,4,1,9,4-29,804,B-C,R,98,139,4,4,2,14,261,472,1,0,1,0,1,472
1360,5,5,5,5,5-52,1491,B-C,U,199,155,4,2,3,12,375,632,1,0,1,0,0,632
650,5,5,7,3,5-30,1401,B-C,U,151,185,6,1,0,16,359,502,0,0,1,0,0,502
658,3,5,3,3,5-7,1674,B-C,U,190,220,7,3,2,14,436,660,1,0,1,0,0,660
1350,5,5,5,5,5-53,1490,B-C,M,230,125,6,6,2,3,372,700,0,1,1,0,0,700
673,3,5,3,3,5-6,1678,B-C,U,124,133,5,5,2,4,273,424,0,0,1,0,0,424
713,3,5,3,3,5-18,1694,B-C,U,251,269,17,3,0,13,553,736,1,0,1,0,0,736
824,5,5,7,3,5-38,1745,B-C,U,240,183,10,3,1,14,451,725,1,0,1,0,0,725
761,3,5,7,3,5-20,1715,B-C,U,132,187,6,1,4,6,336,444,0,0,1,0,0,444
662,3,5,3,3,5-6,1675,B-C,U,182,260,12,8,3,16,481,715,1,0,1,0,0,715
772,5,5,5,3,5-46,1721,B-C,U,187,161,15,6,0,0,369,589,1,0,1,0,0,589
1333,3,5,3,5,5-87,1477,B-C,M,164,182,10,6,2,4,368,733,0,1,1,0,0,733
701,3,5,3,3,5-10,1688,B-C,U,120,156,8,1,0,8,293,462,0,0,1,0,0,462
865,5,5,7,3,5-40,1764,B-C,U,169,168,4,3,2,4,350,540,1,0,1,0,0,540
1516,5,5,5,5,5-71,1836,B-C,U,173,97,6,5,2,24,307,493,0,0,1,0,0,493
2085,11,6,21,7,6-34,1634,B-C,U,215,225,16,3,3,13,475,749,0,1,1,0,0,749
1316,6,6,7,5,6-63,1461,B-C,U,162,155,3,2,4,11,337,464,0,0,1,0,0,464
2050,11,6,21,7,6-33,1631,B-C,U,156,158,7,8,3,11,343,671,1,0,1,0,0,671
1547,5,6,5,5,6-81,1850,B-C,U,130,150,5,1,3,11,300,538,1,0,1,0,0,538
1667,11,6,6,6,6-61,1553,B-C,U,143,203,15,0,0,9,370,620,1,0,1,0,0,620
2078,11,6,21,7,6-35,1634,B-C,U,215,258,14,4,0,12,503,749,0,1,1,0,0,749
1555,5,6,5,5,6-82,1854,B-C,U,193,168,8,2,4,13,388,629,1,0,1,0,0,629
2069,11,6,21,7,6-27,1633,B-C,U,210,183,11,5,2,10,421,704,1,0,1,0,0,704
2144,11,6,21,7,6-22,1647,B-C,U,220,183,9,1,1,8,422,736,0,1,1,0,0,736
1749,11,6,6,6,6-75,1604,B-C,U,214,208,9,8,4,6,449,702,1,0,1,0,0,702
1652,5,6,6,6,6-66,1543,B-C,U,140,131,8,1,4,7,291,407,0,0,1,0,0,407
1767,11,6,6,6,6-49,1613,B-C,U,233,219,13,6,6,15,492,739,1,0,1,0,0,739
2118,11,6,21,7,6-23,1643,B-C,U,181,165,15,10,1,10,382,695,0,1,1,0,0,695
1395,6,6,7,5,6-63,1515,B-C,U,216,248,13,4,6,19,506,693,0,0,1,0,0,693
1621,6,6,7,6,6-57,1520,B-C,U,173,176,8,2,2,7,368,450,0,0,1,0,0,450
1644,6,6,6,6,6-61,1538,B-C,U,148,216,2,5,1,17,389,612,1,0,1,0,0,612
1310,6,6,7,5,6-63,1455,B-C,U,113,112,17,3,3,5,253,369,0,0,1,0,0,369
1793,11,6,6,6,6-71,1624,B-C,U,159,136,0,11,0,0,306,484,0,0,1,0,0,484
2018,11,6,21,7,6-41,1583,B-C,U,145,152,12,2,2,12,325,504,1,0,1,0,0,504
1801,5,6,6,6,6-83,1627,B-C,U,188,142,14,7,2,25,378,677,1,0,1,0,0,677
1557,5,6,5,5,6-81,1855,B-C,U,165,183,10,1,1,15,375,646,1,0,1,0,0,646
2034,11,6,21,7,6-39,1619,B-C,U,142,160,17,6,0,9,334,497,0,0,1,0,0,497
1800,5,6,6,6,6-83,1627,B-C,U,175,146,13,7,1,14,356,678,1,0,1,0,0,678
2178,11,6,6,7,6-3,1667,B-C,U,276,89,3,1,2,14,385,579,1,0,1,0,0,579
1807,11,6,6,6,6-51,1629,B-C,U,194,142,9,0,3,34,382,665,1,0,1,0,0,665
1696,5,6,6,6,6-67,1573,B-C,U,154,166,5,2,2,9,338,503,0,0,1,0,0,503
2095,11,6,21,7,6-32,1641,B-C,U,174,170,8,1,0,17,370,709,1,0,1,0,0,709
2037,11,6,21,7,6-31,1620,B-C,U,155,174,11,3,2,25,370,684,0,1,1,0,0,684
1837,11,6,6,6,6-16,1658,B-C,R,194,129,9,7,3,17,359,673,1,0,1,0,1,673
2174,11,6,6,7,6-8,1664,B-C,R,228,200,8,4,1,14,455,728,1,0,1,0,1,728
2851,7,7,10,10,7-3,2040,B-C,U,141,147,1,0,0,2,291,413,0,0,1,0,0,413
2431,9,7,13,8,7-64,2664,B-C,U,124,160,14,3,4,9,314,651,1,0,1,0,0,651
2407,9,7,13,8,7-60,2655,B-C,U,157,132,5,9,0,14,317,654,1,0,1,0,0,654
3129,9,7,13,10,7-66,2677,B-C,U,109,115,15,0,0,0,239,521,1,0,1,0,0,521
3059,7,7,10,10,7-44,2477,B-C,U,115,266,7,1,1,5,395,702,0,1,1,0,0,702
2920,13,7,13,10,7-18,2068,B-C,U,146,209,96,0,1,16,468,683,1,0,1,0,0,683
3004,7,7,10,10,7-36,2457,B-C,U,102,231,8,0,3,6,350,505,1,0,1,0,0,505
3064,7,7,10,10,7-45,2478,B-C,U,131,226,4,2,1,0,364,661,1,0,1,0,0,661
3060,7,7,10,10,7-45,2477,B-C,U,145,244,7,3,2,6,407,702,0,1,1,0,0,702
3012,7,7,10,10,7-36,2461,B-C,U,119,175,4,2,1,4,305,405,0,0,1,0,0,405
2960,13,7,13,10,7-24,2095,B-C,R,250,112,33,1,0,13,409,701,1,0,1,0,1,701
3119,7,7,10,10,7-56,2504,B-C,R,62,166,3,1,1,11,244,454,0,0,1,0,1,454
3086,7,7,10,10,7-50,2487,B-C,R,146,163,10,1,1,19,340,570,1,0,1,0,1,570
2469,9,7,13,8,7-74,2688,B-C,R,354,43,12,2,0,11,422,630,1,0,1,0,1,630
2472,9,7,13,8,7-75,2689,E,R,166,210,9,4,0,10,399,473,1,0,1,1,1,473
2931,13,7,13,10,7-20,2074,B-C,R,76,85,50,1,3,9,224,520,1,0,1,0,1,520
3120,7,7,10,10,7-56,2504,B-C,R,77,149,5,2,0,5,238,453,0,0,1,0,1,453
3078,7,7,10,10,7-48,2484,B-C,R,186,152,4,1,3,19,365,646,0,0,1,0,1,646
3076,7,7,10,10,7-47,2483,B-C,R,193,117,1,0,1,13,325,530,1,0,1,0,1,530
3087,7,7,10,10,7-49,2488,B-C,R,173,107,4,0,0,6,290,450,0,0,1,0,1,450
3180,9,7,13,10,7-92,2720,B-C,R,196,178,12,1,1,9,397,672,1,0,1,0,1,672
2966,13,7,13,10,7-29,2099,B-C,R,66,61,66,2,0,14,209,420,0,0,1,0,1,420
2864,7,7,10,10,7-7,2043,B-C,R,146,204,1,0,0,13,364,562,1,0,1,0,1,562
4635,8,8,17,15,8-11,2919,B-C,U,86,190,14,8,5,8,311,426,0,0,2,0,0,426
4314,8,8,17,14,8-27,2626,B-C,U,149,309,26,3,2,7,496,747,1,0,2,0,0,747
4260,8,8,14,14,8-51,2230,B-C,U,144,201,15,6,2,10,378,670,1,0,2,0,0,670
4307,8,8,17,14,8-31,2625,B-C,U,137,259,9,5,3,8,421,627,1,0,2,0,0,627
4126,8,8,14,14,8-65,2121,B-C,U,152,193,8,13,4,9,379,673,1,0,2,0,0,673
3964,8,8,14,13,8-70,2179,B-C,U,184,192,19,7,6,17,425,715,1,0,2,0,0,715
4013,8,8,14,13,8-98,2193,B-C,U,182,184,20,9,7,19,421,702,0,1,2,0,0,702
4192,8,8,14,14,8-87,2170,B-C,U,114,153,9,8,7,15,306,498,0,0,2,0,0,498
4040,8,8,14,13,8-59,2233,B-C,M,108,182,7,2,3,12,314,609,1,0,2,0,0,609
4342,8,8,17,14,8-24,2637,B-C,U,173,204,12,4,0,8,401,629,1,0,2,0,0,629
4289,8,8,17,14,8-36,2618,B-C,U,123,177,11,3,2,0,316,477,0,0,2,0,0,477
3999,8,8,14,13,8-101,2190,B-C,U,169,180,9,8,2,14,382,699,1,0,2,0,0,699
4654,8,8,17,15,8-16,2927,B-C,M,162,224,9,1,9,16,421,623,1,0,2,0,0,623
4612,8,8,17,15,8-18,2908,B-C,M,136,285,20,19,2,5,467,706,1,0,2,0,0,706
3976,8,8,14,13,8-95,2181,B-C,U,163,193,18,7,3,11,395,646,1,0,2,0,0,646
4091,8,8,14,13,8-55,2259,B-C,R,51,139,20,1,2,18,231,457,0,0,2,0,1,457
4093,8,8,14,13,8-64,2260,B-C,R,199,156,17,2,2,11,387,641,1,0,2,0,1,641
4045,8,8,14,13,8-103,2236,B-C,R,114,179,16,2,5,15,331,604,1,0,2,0,1,604
4243,8,8,14,14,8-47,2223,B-C,R,131,189,17,10,2,29,378,662,1,0,2,0,1,662
4321,8,8,17,14,8-20,2630,B-C,R,186,186,9,3,1,10,395,588,1,0,2,0,1,588
3546,15,9,11,12,9-38,963,B-C,U,174,157,7,0,2,15,355,541,1,0,1,0,0,541
3354,15,9,11,11,9-25,1078,B-C,U,205,164,15,1,2,12,399,722,0,1,1,0,0,722
3679,15,9,12,12,9-78,1060,B-C,U,191,194,19,5,4,9,422,710,1,0,1,0,0,710
3521,9,9,11,12,9-31,933,B-C,U,152,286,22,4,2,13,479,704,1,0,1,0,0,704
3358,15,9,12,11,9-65,1079,B-C,U,235,167,9,4,2,10,427,716,0,0,1,0,0,716
3307,15,9,12,11,9-64,1040,B-C,U,163,179,12,1,1,13,369,640,1,0,1,0,0,640
3324,15,9,12,11,9-73,1055,B-C,U,144,115,11,1,1,7,279,434,0,0,1,0,0,434
3390,15,9,11,11,9-48,1099,B-C,U,173,172,8,5,4,10,372,684,0,1,1,0,0,684
3716,15,9,12,12,9-80,1111,B-C,U,150,178,13,4,3,8,356,548,1,0,1,0,0,548
3202,9,9,11,11,9-30,934,B-C,U,157,212,16,3,2,14,404,592,1,0,1,0,0,592
3333,15,9,12,11,9-55,1067,B-C,U,182,213,12,3,2,15,427,692,1,0,1,0,0,692
3396,15,9,11,11,9-49,1099,B-C,U,185,189,16,7,0,9,406,684,0,1,1,0,0,684
3522,9,9,11,12,9-31,933,B-C,U,197,260,12,3,2,9,483,703,1,0,1,0,0,703
3423,15,9,11,11,9-50,1113,B-C,U,147,127,11,3,1,5,294,519,1,0,1,0,0,519
3446,9,9,11,11,9-23,1142,B-C,M,222,102,14,2,4,21,365,623,1,0,1,0,0,623
3304,15,9,12,11,9-47,1038,B-C,U,193,203,24,6,2,7,435,697,1,0,1,0,0,697
3352,15,9,11,11,9-25,1078,B-C,U,194,178,14,5,5,14,410,722,0,1,1,0,0,722
3481,15,9,11,11,9-22,1164,B-C,R,121,184,7,3,0,9,324,609,1,0,1,0,1,609
