casilla_id,distrito_fed_17,distrito_fed_12,distrito_loc_17,distrito_loc_12,are,seccion,casilla,tipo_seccion,pri_pvem,pan_na,prd,pt,mc,otros,total,ln,tamano_md,tamano_gd,region,casilla_ex,rural,ln_total
3546,15,9,11,12,9-38,963,B-C,U,174,157,7,0,2,15,355,541,1,0,1,0,0,541
1451,5,5,5,5,5-67,1803,B-C,U,156,168,11,4,0,10,349,556,1,0,1,0,0,556
3883,13,11,18,13,11-67,36,B-C,R,94,110,7,1,3,6,221,404,0,0,1,0,1,404
4093,8,8,14,13,8-64,2260,B-C,R,199,156,17,2,2,11,387,641,1,0,2,0,1,641
5232,2,2,17,17,2-67,638,B-C,R,100,200,15,15,3,21,354,609,1,0,2,0,1,609
3059,7,7,10,10,7-44,2477,B-C,U,115,266,7,1,1,5,395,702,0,1,1,0,0,702
2561,2,2,9,9,2-5,156,B-C,U,128,168,11,8,0,23,338,713,1,0,2,0,0,713
3550,9,4,11,12,4-90,965,B-C,U,182,260,21,3,7,13,486,744,1,0,1,0,0,744
684,3,5,3,3,5-11,1681,B-C,U,218,235,14,5,2,11,485,734,0,1,1,0,0,734
1749,11,6,6,6,6-75,1604,B-C,U,214,208,9,8,4,6,449,702,1,0,1,0,0,702
4342,8,8,17,14,8-24,2637,B-C,U,173,204,12,4,0,8,401,629,1,0,2,0,0,629
691,3,5,3,3,5-8,1683,B-C,U,133,215,16,2,3,8,377,449,0,0,1,0,0,449
6233,10,13,19,21,13-28,686,B-C,U,162,236,17,2,1,11,429,622,1,0,2,0,0,622
4391,12,12,16,15,12-36,362,B-C,U,158,262,23,6,4,9,462,620,1,0,2,0,0,620
2037,11,6,21,7,6-31,1620,B-C,U,155,174,11,3,2,25,370,684,0,1,1,0,0,684
5565,7,11,18,18,11-31,1987,B-C,R,192,96,6,1,1,14,310,516,1,0,1,0,1,516
4321,8,8,17,14,8-20,2630,B-C,R,186,186,9,3,1,10,395,588,1,0,2,0,1,588
2683,2,2,9,9,2-40,216,B-C,M,80,183,8,4,0,17,292,514,1,0,2,0,0,514
272,4,1,1,1,1-89,2435,B-C,R,114,89,14,4,0,18,239,401,0,0,1,0,1,401
4117,8,8,14,14,8-79,2115,B-C,U,206,214,18,20,3,14,475,643,0,0,2,0,0,643
2361,4,4,8,8,4-79,901,B-C,R,144,188,20,5,1,26,384,697,1,0,1,0,1,697
2580,2,2,9,9,2-10,162,B-C,U,103,135,10,3,4,17,272,423,0,0,2,0,0,423
4612,8,8,17,15,8-18,2908,B-C,M,136,285,20,19,2,5,467,706,1,0,2,0,0,706
2878,7,7,10,10,7-10,2048,B-C,R,116,195,5,0,0,9,325,569,1,0,1,0,1,569
658,3,5,3,3,5-7,1674,B-C,U,190,220,7,3,2,14,436,660,1,0,1,0,0,660
2511,9,7,13,8,7-96,2714,B-C,M,198,171,5,0,2,6,382,684,1,0,1,0,0,684
278,4,1,1,1,1-91,2439,B-C,R,106,205,6,2,3,8,330,531,1,0,1,0,1,531
2285,4,4,8,8,4-60,870,B-C,U,157,114,19,5,2,18,315,599,1,0,1,0,0,599
1028,6,3,4,4,3-24,1308,B-C,U,168,163,11,3,0,11,356,645,1,0,1,0,0,645
4395,12,12,16,15,12-40,364,B-C,U,147,167,27,7,5,12,365,521,1,0,2,0,0,521
3120,7,7,10,10,7-56,2504,B-C,R,77,149,5,2,0,5,238,453,0,0,1,0,1,453
2790,1,4,1,9,4-29,804,B-C,R,98,139,4,4,2,14,261,472,1,0,1,0,1,472
3530,9,4,11,12,4-89,945,B-C,U,102,180,13,5,2,4,306,420,0,0,1,0,0,420
985,3,3,3,4,3-11,1292,B-C,U,170,197,4,2,1,9,383,635,1,0,1,0,0,635
4915,2,12,16,16,12-73,517,B-C,U,129,158,21,6,2,16,332,594,1,0,2,0,0,594
1048,3,3,3,4,3-26,1315,B-C,U,137,163,3,1,1,5,310,465,0,0,1,0,0,465
1087,3,3,7,4,3-32,1331,B-C,U,183,183,12,3,3,16,400,629,1,0,1,0,0,629
184,4,1,1,1,1-81,2387,B-C,U,170,149,12,3,1,10,345,503,1,0,1,0,0,503
1800,5,6,6,6,6-83,1627,B-C,U,175,146,13,7,1,14,356,678,1,0,1,0,0,678
6018,10,10,20,20,10-66,2795,B-C,U,228,132,9,1,0,11,381,749,1,0,2,0,0,749
1322,5,6,5,5,6-84,1466,B-C,U,207,230,9,1,2,14,463,636,0,0,1,0,0,636
5432,7,11,18,18,11-40,1917,B-C,U,192,213,6,4,0,13,428,640,1,0,1,0,0,640
5774,13,13,19,19,13-67,2841,B-C,U,47,151,94,3,5,30,330,593,1,0,2,0,0,593
6542,14,14,22,22,14-19,94,B-C,U,68,88,29,4,1,13,203,430,0,0,2,0,0,430
1006,3,3,4,4,3-21,1300,B-C,U,222,235,14,6,2,7,486,736,1,0,1,0,0,736
1181,20,3,21,4,3-70,1392,B-C,NA,206,237,10,2,4,11,470,733,0,1,1,0,0,733
4847,12,12,15,16,12-11,462,B-C,U,108,114,11,4,4,9,250,487,0,0,2,0,0,487
2431,9,7,13,8,7-64,2664,B-C,U,124,160,14,3,4,9,314,651,1,0,1,0,0,651
5881,13,13,19,19,13-87,2879,B-C,R,28,152,79,3,3,16,281,503,1,0,2,0,1,503
4524,12,13,15,15,13-7,484,B-C,U,107,112,16,4,2,10,251,451,0,0,2,0,0,451
3976,8,8,14,13,8-95,2181,B-C,U,163,193,18,7,3,11,395,646,1,0,2,0,0,646
6306,10,10,20,21,10-16,2265,S,U,84,103,15,4,2,3,211,0,1,0,2,0,0,211
4456,12,12,15,15,12-51,412,B-C,U,171,238,40,3,8,0,460,693,0,1,2,0,0,693
6465,14,14,22,22,14-3,57,B-C,U,49,159,26,7,1,9,251,478,0,0,2,0,0,478
1621,6,6,7,6,6-57,1520,B-C,U,173,176,8,2,2,7,368,450,0,0,1,0,0,450
5974,10,10,20,20,10-13,1889,B-C,R,53,98,9,2,3,3,168,412,0,0,2,0,1,412
510,1,1,2,2,1-53,2589,B-C,R,197,123,11,7,4,23,365,592,1,0,2,0,1,592
5170,2,2,17,17,2-54,610,B-C,U,87,188,10,0,3,8,296,539,1,0,2,0,0,539
3877,13,11,18,13,11-70,34,B-C,R,97,158,9,5,2,14,285,558,1,0,1,0,1,558
5435,7,11,18,18,11-43,1919,B-C,U,183,250,9,0,3,10,455,662,0,0,1,0,0,662
2085,11,6,21,7,6-34,1634,B-C,U,215,225,16,3,3,13,475,749,0,1,1,0,0,749
4914,2,12,16,16,12-71,516,B-C,M,95,121,27,3,0,15,261,423,0,0,2,0,0,423
1555,5,6,5,5,6-82,1854,B-C,U,193,168,8,2,4,13,388,629,1,0,1,0,0,629
2797,1,4,1,9,4-28,808,B-C,R,91,215,10,6,3,15,340,540,1,0,1,0,1,540
4314,8,8,17,14,8-27,2626,B-C,U,149,309,26,3,2,7,496,747,1,0,2,0,0,747
6143,10,10,20,20,10-94,2987,B-C,R,80,77,16,3,3,6,185,509,1,0,2,0,1,509
650,5,5,7,3,5-30,1401,B-C,U,151,185,6,1,0,16,359,502,0,0,1,0,0,502
6278,10,13,19,21,13-38,704,B-C,R,81,97,2,1,0,15,196,304,0,0,2,0,1,304
6039,10,10,20,20,10-70,2803,B-C,U,107,211,9,2,0,0,329,544,1,0,2,0,0,544
4971,12,12,15,16,12-81,557,B-C,U,88,148,4,2,0,6,248,425,0,0,2,0,0,425
4288,8,8,17,14,8-36,2618,B-C,U,122,176,5,10,3,7,323,477,0,0,2,0,0,477
2799,1,4,1,9,4-28,808,B-C,R,129,120,2,3,1,9,264,417,1,0,1,0,1,417
6682,14,14,22,22,14-98,1227,B-C,R,123,146,21,3,4,26,323,576,0,0,2,0,1,576
5992,10,10,20,20,10-46,2649,B-C,R,142,194,5,1,0,7,349,468,0,0,2,0,1,468
3180,9,7,13,10,7-92,2720,B-C,R,196,178,12,1,1,9,397,672,1,0,1,0,1,672
4307,8,8,17,14,8-31,2625,B-C,U,137,259,9,5,3,8,421,627,1,0,2,0,0,627
2756,1,4,8,9,4-6,770,B-C,U,217,188,12,2,3,11,433,689,1,0,1,0,0,689
5767,13,13,19,19,13-65,2838,B-C,U,31,161,62,12,5,25,296,515,1,0,2,0,0,515
4752,12,12,16,16,12-30,372,B-C,U,136,177,26,7,4,11,361,558,1,0,2,0,0,558
387,2,2,2,2,2-83,2531,B-C,R,216,74,31,0,3,13,337,536,1,0,2,0,1,536
1316,6,6,7,5,6-63,1461,B-C,U,162,155,3,2,4,11,337,464,0,0,1,0,0,464
2802,1,4,8,9,4-35,809,E,R,98,250,9,13,3,23,396,680,1,0,1,1,1,680
1794,11,6,6,6,6-71,1624,B-C,U,141,128,6,5,5,13,298,484,0,0,1,0,0,484
3078,7,7,10,10,7-48,2484,B-C,R,186,152,4,1,3,19,365,646,0,0,1,0,1,646
5106,14,14,9,17,14-62,303,B-C,R,122,121,17,2,0,8,270,485,0,0,2,0,1,485
3149,9,7,13,10,7-84,2700,B-C,U,98,182,15,0,0,9,304,564,1,0,1,0,0,564
4704,12,12,16,16,12-25,341,B-C,U,143,169,22,6,3,8,351,661,1,0,2,0,0,661
3568,9,4,11,12,4-90,969,B-C,U,140,125,10,1,12,13,301,494,0,0,1,0,0,494
5826,13,13,19,19,13-80,2860,B-C,M,41,210,87,2,2,18,360,545,1,0,2,0,0,545
5647,13,11,18,19,11-51,921,B-C,R,66,145,63,3,1,13,291,423,0,0,1,0,1,423
2144,11,6,21,7,6-22,1647,B-C,U,220,183,9,1,1,8,422,736,0,1,1,0,0,736
2781,1,4,1,9,4-22,791,B-C,R,133,139,6,11,1,16,306,567,1,0,1,0,1,567
5507,7,11,18,18,11-37,1960,B-C,R,176,123,16,6,2,12,335,576,1,0,1,0,1,576
5256,2,2,17,17,2-61,650,B-C,U,79,236,27,5,1,9,357,588,1,0,2,0,0,588
1266,3,3,4,4,3-85,1500,B-C,NA,169,154,7,0,3,18,351,721,0,1,1,0,0,721
1829,11,6,6,6,6-15,1655,B-C,R,215,119,8,1,0,12,355,542,1,0,1,0,1,542
511,1,1,2,2,1-53,2590,B-C,R,110,165,17,5,5,36,338,692,1,0,2,0,1,692
798,5,5,5,3,5-47,1733,B-C,U,163,177,16,0,3,10,369,618,1,0,1,0,0,618
464,1,1,2,2,1-47,2561,B-C,U,159,117,12,14,9,23,334,577,1,0,2,0,0,577
3522,9,9,11,12,9-31,933,B-C,U,197,260,12,3,2,9,483,703,1,0,1,0,0,703
1767,11,6,6,6,6-49,1613,B-C,U,233,219,13,6,6,15,492,739,1,0,1,0,0,739
3433,9,9,11,11,9-4,1123,B-C,R,74,155,8,1,3,13,254,528,1,0,1,0,1,528
3481,15,9,11,11,9-22,1164,B-C,R,121,184,7,3,0,9,324,609,1,0,1,0,1,609
3304,15,9,12,11,9-47,1038,B-C,U,193,203,24,6,2,7,435,697,1,0,1,0,0,697
5640,13,11,18,19,11-54,917,B-C,U,169,132,43,14,2,14,374,563,1,0,1,0,0,563
2318,4,4,8,8,4-66,878,B-C,M,226,159,29,5,4,15,438,747,0,1,1,0,0,747
3968,8,8,14,13,8-70,2179,B-C,U,163,230,17,14,2,14,440,714,1,0,2,0,0,714
3340,15,9,12,11,9-72,1074,B-C,U,176,141,17,1,3,9,347,505,1,0,1,0,0,505
3351,15,9,11,11,9-25,1078,B-C,U,196,188,8,5,3,14,414,722,0,1,1,0,0,722
784,3,5,7,3,5-27,1727,B-C,U,184,169,3,3,1,14,374,622,1,0,1,0,0,622
2766,1,4,8,9,4-9,774,B-C,U,152,208,9,5,2,12,388,617,1,0,1,0,0,617
6045,10,10,20,20,10-69,2806,B-C,U,140,186,7,1,1,10,345,537,1,0,2,0,0,537
6250,10,13,19,21,13-33,691,B-C,U,124,149,25,4,0,20,322,573,1,0,2,0,0,573
3012,7,7,10,10,7-36,2461,B-C,U,119,175,4,2,1,4,305,405,0,0,1,0,0,405
3880,13,11,18,13,11-67,35,B-C,R,69,188,5,1,0,6,269,448,0,0,1,0,1,448
828,5,5,5,3,5-56,1747,B-C,U,173,152,6,3,6,26,366,603,1,0,1,0,0,603
6652,14,14,22,22,14-78,1207,B-C,U,66,126,55,1,5,10,263,412,0,0,2,0,0,412
3831,13,11,18,13,11-63,11,B-C,U,159,281,6,4,3,9,462,681,1,0,1,0,0,681
6155,10,10,20,20,10-92,2993,B-C,U,58,161,6,2,0,4,231,526,1,0,2,0,0,526
548,1,2,2,2,2-88,2778,B-C,M,242,195,58,5,2,26,528,688,1,0,2,0,0,688
4440,12,12,15,15,12-2,407,B-C,U,149,167,13,3,6,11,349,503,1,0,2,0,0,503
4481,12,13,15,15,13-1,437,B-C,U,125,167,13,6,2,6,319,454,0,0,2,0,0,454
4040,8,8,14,13,8-59,2233,B-C,M,108,182,7,2,3,12,314,609,1,0,2,0,0,609
1238,3,3,4,4,3-81,1496,B-C,NA,157,122,4,2,2,6,293,745,0,1,1,0,0,745
5762,13,13,19,19,13-64,2836,B-C,U,47,165,35,11,4,13,275,446,0,0,2,0,0,446
4716,12,12,16,16,12-22,343,B-C,U,187,211,44,5,8,15,470,746,0,1,2,0,0,746
3396,15,9,11,11,9-49,1099,B-C,U,185,189,16,7,0,9,406,684,0,1,1,0,0,684
3521,9,9,11,12,9-31,933,B-C,U,152,286,22,4,2,13,479,704,1,0,1,0,0,704
1911,6,3,7,7,3-42,1389,B-C,U,178,198,11,4,3,8,402,643,1,0,1,0,0,643
2018,11,6,21,7,6-41,1583,B-C,U,145,152,12,2,2,12,325,504,1,0,1,0,0,504
5229,2,2,17,17,2-62,637,B-C,R,68,213,13,1,1,17,313,505,1,0,2,0,1,505
3334,15,9,12,11,9-55,1067,B-C,U,203,202,18,1,7,11,442,691,1,0,1,0,0,691
3291,15,9,12,11,9-59,1022,B-C,U,119,129,10,0,1,11,270,398,0,0,1,0,0,398
1948,6,3,7,7,3-59,1415,B-C,U,192,241,14,2,4,7,460,663,1,0,1,0,0,663
2851,7,7,10,10,7-3,2040,B-C,U,141,147,1,0,0,2,291,413,0,0,1,0,0,413
822,5,5,7,3,5-27,1744,B-C,U,147,162,9,0,1,12,331,452,0,0,1,0,0,452
4210,8,8,14,14,8-39,2204,B-C,U,126,142,18,2,1,14,303,568,1,0,2,0,0,568
4592,12,13,15,15,13-15,537,B-C,M,132,101,1,1,1,6,242,401,0,0,2,0,0,401
800,5,5,5,3,5-57,1734,B-C,U,186,236,10,0,1,7,440,694,1,0,1,0,0,694
3606,15,9,12,12,9-60,995,B-C,U,119,123,6,4,8,16,276,446,0,0,1,0,0,446
2195,4,4,8,8,4-42,825,B-C,M,133,130,20,8,3,14,308,496,0,0,1,0,0,496
3491,15,9,12,11,9-18,1169,B-C,M,111,134,3,0,4,19,271,545,1,0,1,0,0,545
2636,2,2,9,9,2-34,188,B-C,R,95,184,4,3,0,16,302,532,1,0,2,0,1,532
5939,10,10,20,20,10-6,1872,B-C,U,97,203,32,3,6,9,350,681,1,0,2,0,0,681
5763,13,13,19,19,13-62,2837,B-C,U,82,196,40,8,2,16,344,600,1,0,2,0,0,600
5255,2,2,17,17,2-60,649,B-C,U,70,226,35,5,6,8,350,567,1,0,2,0,0,567
2669,2,2,9,9,2-25,207,B-C,R,111,189,6,7,5,18,336,735,0,0,2,0,1,735
5917,10,10,20,20,10-1,1861,B-C,U,118,203,30,3,0,14,368,630,1,0,2,0,0,630
824,5,5,7,3,5-38,1745,B-C,U,240,183,10,3,1,14,451,725,1,0,1,0,0,725
426,1,1,2,2,1-48,2549,B-C,U,163,153,14,3,5,26,364,596,1,0,2,0,0,596
5509,7,11,18,18,11-3,1962,B-C,R,58,240,16,5,1,19,339,569,1,0,1,0,1,569
5557,7,11,18,18,11-18,1983,B-C,R,129,96,2,2,0,12,241,511,1,0,1,0,1,511
3516,9,4,11,12,4-88,931,B-C,U,130,227,14,4,1,9,385,554,1,0,1,0,0,554
1880,6,3,7,7,3-44,1370,B-C,U,157,161,8,3,5,11,345,513,1,0,1,0,0,513
358,2,2,2,2,2-77,2518,B-C,R,73,37,17,16,3,6,152,256,0,0,2,0,1,256
5622,7,11,18,18,11-25,2018,B-C,R,80,157,23,8,1,16,285,587,1,0,1,0,1,587
4338,8,8,17,14,8-23,2636,B-C,M,147,227,9,3,0,4,390,597,1,0,2,0,0,597
3586,9,4,12,12,4-92,980,B-C,U,196,131,9,2,1,13,352,744,0,1,1,0,0,744
2050,11,6,21,7,6-33,1631,B-C,U,156,158,7,8,3,11,343,671,1,0,1,0,0,671
3538,9,4,11,12,4-89,951,B-C,U,151,219,15,4,5,17,411,628,1,0,1,0,0,628
256,4,1,1,1,1-77,2425,B-C,R,290,156,13,1,0,18,478,476,0,0,1,0,1,476
4682,12,12,16,16,12-38,336,B-C,U,166,198,29,7,7,8,415,728,0,1,2,0,0,728
4588,12,13,15,15,13-12,535,B-C,U,154,106,4,2,0,9,275,443,0,0,2,0,0,443
1920,6,3,7,7,3-51,1397,B-C,U,174,224,9,2,4,17,430,679,1,0,1,0,0,679
3076,7,7,10,10,7-47,2483,B-C,R,193,117,1,0,1,13,325,530,1,0,1,0,1,530
2540,2,2,9,9,2-6,146,B-C,U,137,176,10,3,5,22,353,608,1,0,2,0,0,608
626,3,5,3,3,5-1,1269,B-C,M,204,147,10,3,2,0,366,630,1,0,1,0,0,630
1955,6,3,7,7,3-57,1418,B-C,U,124,118,6,2,2,5,257,378,0,0,1,0,0,378
3004,7,7,10,10,7-36,2457,B-C,U,102,231,8,0,3,6,350,505,1,0,1,0,0,505
4689,12,12,16,16,12-31,338,B-C,U,164,196,7,4,0,11,382,616,1,0,2,0,0,616
4982,12,13,15,16,13-19,565,B-C,M,55,165,7,3,2,11,243,421,0,0,2,0,0,421
5829,13,13,19,19,13-79,2861,B-C,M,27,135,159,2,0,31,354,650,1,0,2,0,0,650
662,3,5,3,3,5-6,1675,B-C,U,182,260,12,8,3,16,481,715,1,0,1,0,0,715
3844,13,11,18,13,11-79,18,B-C,R,118,113,12,3,4,13,263,400,0,0,1,0,1,400
4243,8,8,14,14,8-47,2223,B-C,R,131,189,17,10,2,29,378,662,1,0,2,0,1,662
6593,14,14,22,22,14-29,122,B-C,R,77,66,36,4,0,0,183,377,0,0,2,0,1,377
4153,8,8,14,14,8-82,2139,B-C,U,100,129,10,7,3,8,257,388,0,0,2,0,0,388
6377,10,10,20,21,10-29,2305,B-C,R,84,169,24,3,1,22,303,488,0,0,2,0,1,488
2966,13,7,13,10,7-29,2099,B-C,R,66,61,66,2,0,14,209,420,0,0,1,0,1,420
1020,3,3,3,4,3-12,1304,B-C,U,197,264,14,2,3,7,487,706,1,0,1,0,0,706
3129,9,7,13,10,7-66,2677,B-C,U,109,115,15,0,0,0,239,521,1,0,1,0,0,521
5830,13,13,19,19,13-77,2862,B-C,R,48,198,125,3,3,29,406,685,1,0,2,0,1,685
3625,15,9,12,12,9-61,1005,B-C,U,111,115,8,4,4,0,242,434,0,0,1,0,0,434
646,3,5,3,3,5-24,1313,B-C,U,117,166,9,1,5,11,309,439,0,0,1,0,0,439
1287,6,3,4,4,3-88,1509,B-C,R,223,150,4,2,1,10,390,718,1,0,1,0,1,718
6733,14,14,22,22,14-101,2736,B-C,M,140,164,7,1,2,8,322,514,1,0,2,0,0,514
5357,7,11,10,18,11-105,594,B-C,R,219,138,15,38,7,17,434,680,1,0,1,0,1,680
2293,4,4,8,8,4-55,874,B-C,U,202,215,27,9,4,21,478,665,1,0,1,0,0,665
4451,12,12,15,15,12-51,412,B-C,U,143,244,34,6,9,11,447,693,0,1,2,0,0,693
3708,15,9,12,12,9-26,1110,B-C,U,183,214,23,5,2,30,457,724,0,1,1,0,0,724
2154,11,6,6,7,6-10,1652,B-C,R,283,109,6,2,1,19,420,689,1,0,1,0,1,689
3549,9,4,11,12,4-90,964,B-C,U,94,141,9,2,2,3,251,438,0,0,1,0,0,438
1652,5,6,6,6,6-66,1543,B-C,U,140,131,8,1,4,7,291,407,0,0,1,0,0,407
1696,5,6,6,6,6-67,1573,B-C,U,154,166,5,2,2,9,338,503,0,0,1,0,0,503
5817,13,13,19,19,13-74,2857,B-C,R,45,150,62,3,1,19,280,572,1,0,2,0,1,572
956,3,3,4,4,3-17,1284,B-C,U,225,208,25,2,5,23,488,670,0,1,1,0,0,670
761,3,5,7,3,5-20,1715,B-C,U,132,187,6,1,4,6,336,444,0,0,1,0,0,444
2231,4,4,8,8,4-50,843,B-C,U,223,171,33,5,6,18,456,630,0,0,1,0,0,630
2327,4,4,8,8,4-71,885,B-C,R,67,241,3,2,0,6,319,694,0,0,1,0,1,694
1793,11,6,6,6,6-71,1624,B-C,U,159,136,0,11,0,0,306,484,0,0,1,0,0,484
2078,11,6,21,7,6-35,1634,B-C,U,215,258,14,4,0,12,503,749,0,1,1,0,0,749
5041,14,14,22,17,14-48,272,B-C,R,104,77,5,0,43,10,239,403,0,0,2,0,1,403
2659,2,2,9,9,2-38,201,B-C,R,98,130,6,6,1,8,249,481,0,0,2,0,1,481
833,5,5,5,3,5-57,1748,B-C,U,174,222,4,2,2,14,418,655,1,0,1,0,0,655
1178,20,3,21,4,3-70,1392,B-C,NA,196,215,15,9,2,11,448,733,0,1,1,0,0,733
555,1,2,2,2,2-90,2780,B-C,M,199,155,66,5,0,19,444,575,1,0,2,0,0,575
5190,2,2,17,17,2-49,618,B-C,U,112,225,19,3,4,5,368,574,1,0,2,0,0,574
3119,7,7,10,10,7-56,2504,B-C,R,62,166,3,1,1,11,244,454,0,0,1,0,1,454
5128,14,14,9,17,14-66,313,E,R,132,138,8,5,1,6,290,488,1,0,2,1,1,488
5418,7,11,18,18,11-42,1912,B-C,M,235,163,5,0,2,40,445,739,1,0,1,0,0,739
1198,3,3,4,4,3-72,1479,B-C,R,248,169,3,4,0,26,450,709,1,0,1,0,1,709
3815,13,11,18,13,11-61,6,B-C,U,157,219,2,1,1,11,391,582,1,0,1,0,0,582
3087,7,7,10,10,7-49,2488,B-C,R,173,107,4,0,0,6,290,450,0,0,1,0,1,450
1924,6,3,7,7,3-49,1403,B-C,U,121,114,8,3,1,8,255,441,0,0,1,0,0,441
4654,8,8,17,15,8-16,2927,B-C,M,162,224,9,1,9,16,421,623,1,0,2,0,0,623
4695,12,12,16,16,12-27,339,B-C,U,156,200,30,9,8,13,416,647,1,0,2,0,0,647
6095,10,10,20,20,10-82,2959,B-C,U,101,196,20,74,4,17,412,648,1,0,2,0,0,648
1001,6,3,4,4,3-20,1298,B-C,U,223,191,17,3,3,9,446,744,1,0,1,0,0,744
5952,10,10,20,20,10-4,1878,B-C,U,78,177,13,4,3,3,278,464,0,0,2,0,0,464
6572,14,14,22,22,14-24,111,B-C,R,40,147,35,3,0,15,240,402,0,0,2,0,1,402
3202,9,9,11,11,9-30,934,B-C,U,157,212,16,3,2,14,404,592,1,0,1,0,0,592
3964,8,8,14,13,8-70,2179,B-C,U,184,192,19,7,6,17,425,715,1,0,2,0,0,715
2472,9,7,13,8,7-75,2689,E,R,166,210,9,4,0,10,399,473,1,0,1,1,1,473
673,3,5,3,3,5-6,1678,B-C,U,124,133,5,5,2,4,273,424,0,0,1,0,0,424
5117,14,14,9,17,14-65,308,B-C,R,145,142,7,4,4,5,307,532,0,0,2,0,1,532
701,3,5,3,3,5-10,1688,B-C,U,120,156,8,1,0,8,293,462,0,0,1,0,0,462
2584,2,2,9,9,2-9,164,B-C,U,133,187,4,4,5,11,344,634,1,0,2,0,0,634
1350,5,5,5,5,5-53,1490,B-C,M,230,125,6,6,2,3,372,700,0,1,1,0,0,700
5281,14,10,15,17,10-53,2754,B-C,R,51,103,11,1,1,16,183,422,0,0,2,0,1,422
6555,14,14,22,22,14-18,101,B-C,R,47,127,33,4,1,20,232,555,1,0,2,0,1,555
865,5,5,7,3,5-40,1764,B-C,U,169,168,4,3,2,4,350,540,1,0,1,0,0,540
311,1,2,2,2,2-98,747,B-C,R,181,185,21,1,22,19,429,595,1,0,2,0,1,595
3446,9,9,11,11,9-23,1142,B-C,M,222,102,14,2,4,21,365,623,1,0,1,0,0,623
3576,15,9,11,12,9-40,978,B-C,U,181,144,10,2,2,0,339,569,1,0,1,0,0,569
5440,7,11,18,18,11-44,1922,B-C,U,180,146,13,1,0,6,346,528,1,0,1,0,0,528
5345,7,11,10,18,11-106,583,B-C,R,213,117,8,15,1,16,370,639,0,0,1,0,1,639
5589,7,11,18,18,11-22,2001,B-C,R,174,97,2,1,1,12,287,468,0,0,1,0,1,468
2559,2,2,9,9,2-7,155,B-C,U,142,212,15,3,9,16,397,718,1,0,2,0,0,718
1881,3,3,7,7,3-45,1371,B-C,U,96,149,5,1,0,8,259,387,0,0,1,0,0,387
1901,6,3,7,7,3-45,1385,B-C,U,137,152,5,2,0,0,296,501,1,0,1,0,0,501
5943,10,10,20,20,10-7,1874,B-C,U,58,203,22,6,4,11,304,479,0,0,2,0,0,479
5720,13,13,19,19,13-56,2817,B-C,M,54,246,86,4,0,53,443,643,1,0,2,0,0,643
1940,6,3,4,7,3-54,1412,B-C,U,147,176,5,3,1,7,339,508,1,0,1,0,0,508
2118,11,6,21,7,6-23,1643,B-C,U,181,165,15,10,1,10,382,695,0,1,1,0,0,695
2864,7,7,10,10,7-7,2043,B-C,R,146,204,1,0,0,13,364,562,1,0,1,0,1,562
995,6,3,4,4,3-19,1297,B-C,U,193,178,6,7,4,11,399,734,1,0,1,0,0,734
3064,7,7,10,10,7-45,2478,B-C,U,131,226,4,2,1,0,364,661,1,0,1,0,0,661
4744,12,12,16,16,12-21,356,B-C,U,184,177,11,8,3,14,397,652,1,0,2,0,0,652
5691,13,13,19,19,13-49,1191,B-C,R,226,207,7,2,2,13,457,678,1,0,2,0,1,678
3324,15,9,12,11,9-73,1055,B-C,U,144,115,11,1,1,7,279,434,0,0,1,0,0,434
5816,13,13,19,19,13-77,2856,B-C,R,42,174,129,1,1,27,374,638,1,0,2,0,1,638
2174,11,6,6,7,6-8,1664,B-C,R,228,200,8,4,1,14,455,728,1,0,1,0,1,728
3390,15,9,11,11,9-48,1099,B-C,U,173,172,8,5,4,10,372,684,0,1,1,0,0,684
1501,5,5,6,5,5-42,1829,B-C,U,127,208,12,1,3,14,365,548,1,0,1,0,0,548
925,3,3,4,4,3-5,1275,B-C,U,174,189,5,0,1,14,383,587,1,0,1,0,0,587
4829,12,12,15,16,12-9,453,B-C,U,135,126,18,6,1,10,296,503,1,0,2,0,0,503
1807,11,6,6,6,6-51,1629,B-C,U,194,142,9,0,3,34,382,665,1,0,1,0,0,665
5573,7,11,18,18,11-9,1991,B-C,U,95,121,12,0,4,10,242,461,0,0,1,0,0,461
1667,11,6,6,6,6-61,1553,B-C,U,143,203,15,0,0,9,370,620,1,0,1,0,0,620
3111,7,7,10,10,7-54,2500,B-C,R,38,146,2,3,0,1,190,382,0,0,1,0,1,382
6203,10,13,19,21,13-24,672,B-C,U,134,170,16,2,2,16,340,518,1,0,2,0,0,518
5094,14,14,9,17,14-58,297,B-C,U,141,153,31,8,3,12,348,561,1,0,2,0,0,561
2311,4,4,8,8,4-65,878,B-C,M,188,204,36,11,2,11,452,748,0,1,1,0,0,748
5832,13,13,19,19,13-81,2863,B-C,M,23,129,89,3,0,26,270,525,1,0,2,0,0,525
1404,5,5,5,5,5-63,1782,B-C,U,157,179,8,1,1,12,358,599,1,0,1,0,0,599
1400,5,5,7,5,5-59,1780,B-C,U,195,174,11,3,1,19,403,633,1,0,1,0,0,633
3814,13,11,18,13,11-62,5,B-C,U,128,231,6,2,1,9,377,538,1,0,1,0,0,538
482,1,1,2,2,1-41,2578,B-C,R,55,147,16,5,3,22,248,552,0,0,2,0,1,552
3823,13,11,18,13,11-65,9,B-C,U,144,304,5,1,1,11,466,686,1,0,1,0,0,686
6392,10,10,20,21,10-32,2314,B-C,U,102,225,6,3,2,13,351,565,1,0,2,0,0,565
5841,13,13,19,19,13-82,2866,B-C,R,37,171,71,3,0,23,305,638,1,0,2,0,1,638
6184,10,13,19,21,13-20,664,B-C,U,130,203,34,4,2,8,381,539,1,0,2,0,0,539
2890,7,7,10,10,7-14,2053,B-C,R,104,243,4,0,0,9,360,581,1,0,1,0,1,581
3679,15,9,12,12,9-78,1060,B-C,U,191,194,19,5,4,9,422,710,1,0,1,0,0,710
659,3,5,3,3,5-7,1674,B-C,U,186,225,13,4,2,0,430,659,1,0,1,0,0,659
722,3,5,3,3,5-13,1696,B-C,U,127,206,15,5,2,7,362,571,1,0,1,0,0,571
141,4,1,1,1,1-67,2366,B-C,R,141,117,6,11,0,16,291,652,0,0,1,0,1,652
3716,15,9,12,12,9-80,1111,B-C,U,150,178,13,4,3,8,356,548,1,0,1,0,0,548
2210,4,4,8,8,4-46,832,B-C,U,198,122,37,9,4,21,391,699,1,0,1,0,0,699
4382,12,12,16,15,12-34,349,B-C,U,117,162,22,5,9,35,350,628,1,0,2,0,0,628
2069,11,6,21,7,6-27,1633,B-C,U,210,183,11,5,2,10,421,704,1,0,1,0,0,704
6028,10,10,20,20,10-68,2799,B-C,U,140,172,16,4,4,16,352,599,1,0,2,0,0,599
2405,9,7,13,8,7-60,2655,B-C,U,154,168,10,9,1,0,342,654,1,0,1,0,0,654
1681,11,6,21,6,6-43,1559,B-C,U,191,216,7,6,3,12,435,668,1,0,1,0,0,668
6331,10,10,20,21,10-23,2278,B-C,U,81,191,25,6,3,17,323,510,1,0,2,0,0,510
1153,6,3,7,4,3-44,1363,B-C,U,197,221,5,1,3,9,436,708,1,0,1,0,0,708
1863,3,3,7,7,3-47,1359,B-C,U,124,170,8,7,2,8,319,494,0,0,1,0,0,494
4091,8,8,14,13,8-55,2259,B-C,R,51,139,20,1,2,18,231,457,0,0,2,0,1,457
5528,7,11,18,18,11-31,1970,B-C,M,219,120,21,1,0,4,365,550,1,0,1,0,0,550
492,1,1,2,2,1-53,2583,B-C,R,84,161,16,4,3,13,281,539,1,0,2,0,1,539
4836,12,12,15,16,12-17,457,B-C,U,131,129,23,3,2,12,300,460,0,0,2,0,0,460
863,5,5,7,3,5-40,1763,B-C,U,105,150,6,1,4,9,275,439,0,0,1,0,0,439
4009,8,8,14,13,8-97,2193,B-C,U,171,190,19,7,2,14,403,703,0,1,2,0,0,703
4284,8,8,17,14,8-31,2615,B-C,U,155,210,21,5,3,9,403,592,1,0,2,0,0,592
1588,5,5,5,5,5-73,3015,B-C,U,122,185,0,1,0,11,319,390,1,0,1,0,0,390
1891,3,3,7,7,3-49,1377,B-C,U,213,226,14,2,0,10,465,696,0,0,1,0,0,696
316,1,2,2,2,2-95,748,B-C,R,181,199,4,0,18,20,422,584,1,0,2,0,1,584
1377,5,5,5,5,5-50,1494,B-C,M,206,112,6,1,3,16,344,683,0,1,1,0,0,683
1333,3,5,3,5,5-87,1477,B-C,M,164,182,10,6,2,4,368,733,0,1,1,0,0,733
451,1,1,2,2,1-46,2557,B-C,U,119,151,15,10,8,16,319,566,1,0,2,0,0,566
2365,4,4,8,8,4-81,902,B-C,U,194,138,20,4,5,13,374,648,1,0,1,0,0,648
6703,14,14,22,22,14-93,1244,B-C,R,70,108,33,0,4,17,232,534,1,0,2,0,1,534
6221,10,13,19,21,13-28,680,B-C,U,222,233,28,3,1,13,500,725,1,0,2,0,0,725
6176,10,10,20,20,10-99,3004,B-C,R,77,64,18,1,1,18,179,386,0,0,2,0,1,386
2300,4,4,8,8,4-63,876,B-C,M,149,155,20,3,3,8,338,650,1,0,1,0,0,650
4906,2,12,16,16,12-66,507,B-C,U,139,162,15,10,1,9,336,557,1,0,2,0,0,557
4972,12,12,15,16,12-82,558,B-C,U,64,194,7,2,2,3,272,517,1,0,2,0,0,517
1395,6,6,7,5,6-63,1515,B-C,U,216,248,13,4,6,19,506,693,0,0,1,0,0,693
5407,13,11,10,18,11-83,733,B-C,R,49,110,112,1,1,25,298,450,0,0,1,0,1,450
384,2,2,2,2,2-80,2530,B-C,R,220,137,19,7,1,16,400,654,1,0,2,0,1,654
4419,12,12,15,15,12-47,380,B-C,U,116,133,14,1,6,8,278,413,0,0,2,0,0,413
5279,14,10,15,17,10-52,2753,B-C,U,73,131,39,2,5,17,267,429,0,0,2,0,0,429
2254,4,4,8,8,4-53,854,B-C,U,223,119,26,1,2,23,394,713,1,0,1,0,0,713
6334,10,10,20,21,10-20,2280,B-C,U,82,122,22,2,3,7,238,377,0,0,2,0,0,377
4954,12,12,15,16,12-79,548,B-C,R,45,45,1,1,1,3,96,167,0,0,2,0,1,167
4759,12,12,16,16,12-29,375,B-C,U,146,176,11,8,3,17,361,599,1,0,2,0,0,599
5944,10,10,20,20,10-7,1874,B-C,U,68,188,19,8,2,11,296,479,0,0,2,0,0,479
185,4,1,1,1,1-81,2387,B-C,U,157,116,18,5,1,15,312,503,1,0,1,0,0,503
6423,10,10,20,21,10-38,2330,B-C,U,121,168,22,5,1,0,317,586,1,0,2,0,0,586
1772,11,6,6,6,6-49,1613,B-C,U,248,229,13,3,1,14,508,738,1,0,1,0,0,738
1516,5,5,5,5,5-71,1836,B-C,U,173,97,6,5,2,24,307,493,0,0,1,0,0,493
2240,4,4,8,8,4-50,848,B-C,U,142,73,21,6,0,11,253,384,0,0,1,0,0,384
2178,11,6,6,7,6-3,1667,B-C,U,276,89,3,1,2,14,385,579,1,0,1,0,0,579
5158,14,14,9,17,14-72,327,B-C,M,159,171,19,4,2,11,366,720,1,0,2,0,0,720
5362,7,11,10,18,11-101,597,B-C,R,135,116,9,12,1,10,283,548,1,0,1,0,1,548
125,4,1,1,1,1-64,2356,B-C,M,134,191,5,29,0,14,373,610,1,0,1,0,0,610
2034,11,6,21,7,6-39,1619,B-C,U,142,160,17,6,0,9,334,497,0,0,1,0,0,497
6111,10,10,20,20,10-87,2967,B-C,R,79,56,4,9,2,14,164,376,0,0,2,0,1,376
4013,8,8,14,13,8-98,2193,B-C,U,182,184,20,9,7,19,421,702,0,1,2,0,0,702
871,5,5,5,3,5-58,1767,B-C,U,148,214,2,1,4,17,386,612,1,0,1,0,0,612
433,1,1,2,2,1-49,2551,B-C,U,175,147,21,5,4,13,365,654,1,0,2,0,0,654
954,3,3,3,4,3-8,1283,B-C,U,199,255,22,8,7,9,500,735,1,0,1,0,0,735
2505,9,7,13,8,7-99,2707,B-C,R,120,105,6,6,1,11,249,409,0,0,1,0,1,409
2775,1,4,1,9,4-16,784,B-C,R,119,225,5,8,4,13,374,622,1,0,1,0,1,622
2051,11,6,21,7,6-33,1631,B-C,U,178,169,12,1,1,8,369,671,1,0,1,0,0,671
268,4,1,1,1,1-89,2432,B-C,R,149,184,11,2,1,18,365,661,0,0,1,0,1,661
2976,13,7,13,10,7-27,2106,B-C,R,144,116,78,6,1,23,368,708,0,0,1,0,1,708
6570,14,14,22,22,14-24,109,B-C,U,69,151,32,5,2,20,279,663,1,0,2,0,0,663
2649,2,2,9,9,2-28,195,B-C,R,77,155,3,6,0,16,257,484,0,0,2,0,1,484
1360,5,5,5,5,5-52,1491,B-C,U,199,155,4,2,3,12,375,632,1,0,1,0,0,632
5226,2,2,17,17,2-58,636,B-C,U,133,146,2,1,2,15,299,585,1,0,2,0,0,585
2816,1,4,8,9,4-39,817,B-C,R,83,112,6,3,2,0,206,467,0,0,1,0,1,467
3954,8,8,14,13,8-91,2176,B-C,U,220,136,17,6,3,21,403,677,1,0,2,0,0,677
4260,8,8,14,14,8-51,2230,B-C,U,144,201,15,6,2,10,378,670,1,0,2,0,0,670
3999,8,8,14,13,8-101,2190,B-C,U,169,180,9,8,2,14,382,699,1,0,2,0,0,699
4692,12,12,16,16,12-31,338,B-C,U,144,203,38,6,3,21,415,615,1,0,2,0,0,615
1482,5,5,6,5,5-42,1817,B-C,U,173,162,6,2,1,16,360,566,1,0,1,0,0,566
5578,7,11,18,18,11-10,1994,B-C,U,64,94,6,2,0,4,170,424,0,0,1,0,0,424
6115,10,10,20,20,10-85,2969,B-C,R,87,98,9,5,0,7,206,489,0,0,2,0,1,489
5794,13,13,19,19,13-70,2847,B-C,U,46,170,74,3,4,19,316,591,1,0,2,0,0,591
772,5,5,5,3,5-46,1721,B-C,U,187,161,15,6,0,0,369,589,1,0,1,0,0,589
306,1,2,2,2,2-97,743,B-C,R,87,195,18,5,37,20,362,528,0,0,2,0,1,528
567,1,2,2,2,2-89,2787,B-C,R,141,128,39,3,1,29,341,458,0,0,2,0,1,458
1837,11,6,6,6,6-16,1658,B-C,R,194,129,9,7,3,17,359,673,1,0,1,0,1,673
1914,6,3,7,7,3-52,1394,B-C,U,159,288,18,1,5,11,482,666,1,0,1,0,0,666
2672,2,2,9,9,2-26,209,B-C,R,61,119,9,3,0,13,205,390,0,0,2,0,1,390
6173,10,10,20,20,10-97,3002,B-C,R,85,84,14,8,0,21,212,432,0,0,2,0,1,432
374,2,2,2,2,2-72,2526,B-C,R,137,105,8,8,7,19,284,473,0,0,2,0,1,473
6113,10,10,20,20,10-84,2968,B-C,R,320,152,5,5,1,9,492,676,0,0,2,0,1,676
4076,8,8,14,13,8-56,2251,B-C,R,108,192,28,3,4,31,366,686,1,0,2,0,1,686
6008,10,10,20,20,10-63,2791,B-C,U,132,237,10,4,1,0,384,724,1,0,2,0,0,724
5658,13,11,18,19,11-51,925,B-C,R,172,152,80,8,0,18,430,674,1,0,1,0,1,674
5015,14,14,22,17,14-42,257,B-C,U,81,108,9,4,98,10,310,508,1,0,2,0,0,508
5853,13,13,19,19,13-85,2870,E,R,40,127,80,6,1,21,275,443,1,0,2,1,1,443
5751,13,13,19,19,13-62,2831,B-C,U,85,244,75,2,2,27,435,730,1,0,2,0,0,730
4635,8,8,17,15,8-11,2919,B-C,U,86,190,14,8,5,8,311,426,0,0,2,0,0,426
1462,5,5,5,5,5-76,1809,B-C,U,211,197,14,0,4,8,434,730,1,0,1,0,0,730
4602,12,13,15,15,13-18,563,B-C,M,137,135,4,0,3,19,298,556,1,0,2,0,0,556
2245,4,4,8,8,4-54,851,B-C,U,190,90,26,7,5,0,318,512,1,0,1,0,0,512
4434,12,12,15,15,12-8,387,B-C,U,182,208,24,5,7,17,443,715,1,0,2,0,0,715
2407,9,7,13,8,7-60,2655,B-C,U,157,132,5,9,0,14,317,654,1,0,1,0,0,654
3621,15,9,12,12,9-63,1002,B-C,U,100,134,6,2,5,6,253,491,0,0,1,0,0,491
2650,2,2,9,9,2-28,196,B-C,R,66,52,4,2,0,14,138,263,0,0,2,0,1,263
388,2,2,2,2,2-73,2532,B-C,M,289,142,18,6,3,18,476,732,1,0,2,0,0,732
2,1,4,1,1,4-1,752,B-C,M,123,178,11,5,2,22,341,633,1,0,1,0,0,633
1547,5,6,5,5,6-81,1850,B-C,U,130,150,5,1,3,11,300,538,1,0,1,0,0,538
5364,7,11,10,18,11-104,598,B-C,R,85,16,2,3,0,7,113,238,0,0,1,0,1,238
699,3,5,3,3,5-16,1687,B-C,U,276,245,5,1,3,9,539,726,1,0,1,0,0,726
6598,14,14,22,22,14-30,125,B-C,R,93,67,42,3,5,24,234,535,0,0,2,0,1,535
5366,7,11,10,18,11-96,600,B-C,R,105,33,4,8,0,9,159,232,0,0,1,0,1,232
6666,14,14,22,22,14-84,1216,B-C,R,69,78,10,0,1,9,167,468,0,0,2,0,1,468
2065,6,6,4,7,6-29,1632,B-C,NA,203,199,7,1,5,9,424,743,0,1,1,0,0,743
2497,9,7,13,8,7-82,2704,B-C,M,128,208,13,1,0,12,362,683,1,0,1,0,0,683
2575,2,2,9,9,2-7,159,B-C,U,165,174,16,4,5,20,384,612,1,0,2,0,0,612
943,3,3,3,4,3-7,1278,B-C,U,177,234,17,3,3,10,444,666,0,1,1,0,0,666
6710,14,14,22,22,14-95,1249,B-C,R,63,152,37,1,1,22,276,572,0,0,2,0,1,572
3333,15,9,12,11,9-55,1067,B-C,U,182,213,12,3,2,15,427,692,1,0,1,0,0,692
5127,14,14,9,17,14-66,313,B-C,R,103,108,11,3,0,12,237,432,1,0,2,0,1,432
6055,10,10,20,20,10-73,2809,B-C,U,122,159,30,7,1,16,335,666,1,0,2,0,0,666
2931,13,7,13,10,7-20,2074,B-C,R,76,85,50,1,3,9,224,520,1,0,1,0,1,520
3307,15,9,12,11,9-64,1040,B-C,U,163,179,12,1,1,13,369,640,1,0,1,0,0,640
3929,8,8,14,13,8-67,2131,B-C,U,105,167,12,10,2,13,309,434,0,0,2,0,0,434
945,3,3,3,4,3-3,1279,B-C,U,174,263,12,4,8,12,473,684,1,0,1,0,0,684
304,1,2,2,2,2-94,742,B-C,R,145,192,9,1,13,33,393,587,1,0,2,0,1,587
5186,2,2,17,17,2-50,616,B-C,U,75,199,11,0,4,4,293,517,1,0,2,0,0,517
6601,14,14,22,22,14-15,127,B-C,R,34,56,81,8,1,24,204,454,0,0,2,0,1,454
5505,7,11,18,18,11-4,1959,B-C,R,104,90,10,3,1,11,219,443,0,0,1,0,1,443
5386,13,11,10,18,11-88,721,B-C,U,172,144,66,3,0,8,393,630,0,0,1,0,0,630
6574,14,14,22,22,14-25,112,B-C,R,48,119,60,16,9,39,291,710,0,0,2,0,1,710
3354,15,9,11,11,9-25,1078,B-C,U,205,164,15,1,2,12,399,722,0,1,1,0,0,722
1644,6,6,6,6,6-61,1538,B-C,U,148,216,2,5,1,17,389,612,1,0,1,0,0,612
2572,2,2,9,9,2-17,158,B-C,U,130,162,10,1,2,11,316,531,1,0,2,0,0,531
5276,14,10,15,17,10-51,2751,B-C,M,90,147,24,2,4,13,280,484,0,0,2,0,0,484
2920,13,7,13,10,7-18,2068,B-C,U,146,209,96,0,1,16,468,683,1,0,1,0,0,683
4180,8,8,14,14,8-86,2161,B-C,U,113,113,14,6,1,7,254,378,0,0,2,0,0,378
2317,4,4,8,8,4-66,878,B-C,M,198,208,22,2,6,14,450,748,0,1,1,0,0,748
43,1,4,1,1,4-20,786,B-C,R,65,134,6,8,1,23,237,532,1,0,1,0,1,532
5395,13,11,10,18,11-85,725,B-C,U,152,127,79,1,1,26,386,634,1,0,1,0,0,634
5473,7,11,18,18,11-1,1939,B-C,R,67,83,7,5,1,11,174,343,0,0,1,0,1,343
3423,15,9,11,11,9-50,1113,B-C,U,147,127,11,3,1,5,294,519,1,0,1,0,0,519
3358,15,9,12,11,9-65,1079,B-C,U,235,167,9,4,2,10,427,716,0,0,1,0,0,716
2946,13,7,13,10,7-31,2085,B-C,R,96,140,35,1,2,24,298,442,0,0,1,0,1,442
4159,8,8,14,14,8-66,2144,B-C,U,160,166,13,8,2,14,363,584,1,0,2,0,0,584
6721,14,14,22,22,14-99,1257,B-C,R,70,142,19,3,2,11,247,467,0,0,2,0,1,467
4045,8,8,14,13,8-103,2236,B-C,R,114,179,16,2,5,15,331,604,1,0,2,0,1,604
2596,2,2,9,9,2-15,170,B-C,U,96,123,10,2,4,13,248,377,0,0,2,0,0,377
5682,13,13,19,19,13-45,1186,B-C,U,145,214,15,2,5,10,391,586,1,0,2,0,0,586
3587,9,4,12,12,4-92,980,B-C,U,211,133,13,5,0,11,373,744,0,1,1,0,0,744
4531,12,13,15,15,13-12,487,B-C,U,138,126,16,5,2,15,302,678,1,0,2,0,0,678
4422,12,12,15,15,12-46,382,B-C,U,159,190,15,13,2,20,399,654,1,0,2,0,0,654
2969,13,7,13,10,7-30,2101,B-C,R,40,64,70,3,1,16,194,377,0,0,1,0,1,377
3903,13,11,18,13,11-58,47,B-C,R,103,217,20,4,2,17,363,702,1,0,1,0,1,702
5785,13,13,19,19,13-69,2844,B-C,U,29,181,101,7,6,11,335,588,1,0,2,0,0,588
6563,14,14,22,22,14-21,106,B-C,R,50,85,63,2,0,18,218,436,0,0,2,0,1,436
1310,6,6,7,5,6-63,1455,B-C,U,113,112,17,3,3,5,253,369,0,0,1,0,0,369
441,1,1,2,2,1-50,2553,B-C,U,216,183,14,4,3,16,436,705,1,0,2,0,0,705
53,1,4,1,1,4-21,793,B-C,M,133,194,12,8,1,7,355,606,1,0,1,0,0,606
276,4,1,1,1,1-93,2437,B-C,R,147,99,56,8,0,36,346,654,0,0,1,0,1,654
6662,14,14,22,22,14-80,1214,B-C,R,83,120,18,2,0,17,240,427,0,0,2,0,1,427
504,1,1,2,2,1-36,2587,B-C,U,131,117,17,3,4,23,295,637,1,0,2,0,0,637
3485,15,9,11,11,9-11,1165,B-C,R,168,139,13,6,0,11,337,611,1,0,1,0,1,611
